{"cameraMode":{"drawMode":0,"name":"Shaded","section":"Shading Mode"},"sceneLighting":true,"audioPlay":false,"sceneViewState":{"m_AlwaysRefresh":false,"showFog":true,"showSkybox":true,"showFlares":true,"showImageEffects":true,"showParticleSystems":true,"showVisualEffectGraphs":true,"m_FxEnabled":true},"in2DMode":false,"pivot":{"x":6.991026878356934,"y":1.7053687572479249,"z":0.7649279236793518},"rotation":{"x":-0.19599832594394685,"y":0.2724055051803589,"z":-0.056780263781547549,"w":-0.9402977824211121},"size":0.02115042507648468,"orthographic":false}