{"cameraMode":{"drawMode":0,"name":"Shaded","section":"Shading Mode"},"sceneLighting":true,"audioPlay":false,"sceneViewState":{"m_AlwaysRefresh":false,"showFog":true,"showSkybox":true,"showFlares":true,"showImageEffects":true,"showParticleSystems":true,"showVisualEffectGraphs":true,"m_FxEnabled":true},"in2DMode":false,"pivot":{"x":-0.4278442859649658,"y":2.1107964515686037,"z":-0.4131040573120117},"rotation":{"x":0.2701304852962494,"y":0.07990694046020508,"z":-0.022503366693854333,"w":0.9592394232749939},"size":1.8635001182556153,"orthographic":false}