{"cameraMode":{"drawMode":0,"name":"Shaded","section":"Shading Mode"},"sceneLighting":false,"audioPlay":false,"sceneViewState":{"m_AlwaysRefresh":false,"showFog":true,"showSkybox":false,"showFlares":true,"showImageEffects":true,"showParticleSystems":true,"showVisualEffectGraphs":true,"m_FxEnabled":true},"in2DMode":false,"pivot":{"x":0.011983463540673256,"y":0.0588827058672905,"z":-0.004264952149242163},"rotation":{"x":-0.1851988434791565,"y":-0.7699669003486633,"z":0.25756189227104189,"w":-0.5536397099494934},"size":0.01952672004699707,"orthographic":false}