{"cameraMode":{"drawMode":0,"name":"Shaded","section":"Shading Mode"},"sceneLighting":false,"audioPlay":false,"sceneViewState":{"m_AlwaysRefresh":false,"showFog":true,"showSkybox":false,"showFlares":true,"showImageEffects":true,"showParticleSystems":true,"showVisualEffectGraphs":true,"m_FxEnabled":true},"in2DMode":false,"pivot":{"x":0.0048775579780340199,"y":0.05106038972735405,"z":-0.0006239460781216621},"rotation":{"x":-0.2711517810821533,"y":-0.7120454907417297,"z":0.3575032949447632,"w":-0.5400572419166565},"size":0.019526779651641847,"orthographic":false}